{"eclipse_window": 97, "flare_rate": 1483.2936572906776, "window": 49, "std": 0.0004445539088919759, "tic_num": 138476641, "radius": 1.0, "temperature": 5600.0, "period": 0.4480680666013986, "median": 1.0, "n_pts": 122156.0}